{
  "collapse-filter": true,
  "search": "",
  "showTags": false,
  "showAttachments": false,
  "hideUnresolved": false,
  "showOrphans": true,
  "collapse-color-groups": true,
  "colorGroups": [
    {
      "query": "path:\"Player Characters\"",
      "color": {
        "a": 1,
        "rgb": 3918155
      }
    },
    {
      "query": "path:NPCs",
      "color": {
        "a": 1,
        "rgb": 14701138
      }
    },
    {
      "query": "path:Monsters",
      "color": {
        "a": 1,
        "rgb": 4426960
      }
    },
    {
      "query": "path:Sessions",
      "color": {
        "a": 1,
        "rgb": 14933859
      }
    },
    {
      "query": "path:Locations",
      "color": {
        "a": 1,
        "rgb": 7032441
      }
    }
  ],
  "collapse-display": false,
  "showArrow": false,
  "textFadeMultiplier": -3,
  "nodeSizeMultiplier": 1.35052083333333,
  "lineSizeMultiplier": 1.98854166666667,
  "collapse-forces": false,
  "centerStrength": 0.5,
  "repelStrength": 14.7916666666667,
  "linkStrength": 1,
  "linkDistance": 30,
  "scale": 0.7132754626224529,
  "close": true
}