{
  "main": {
    "id": "924553cb374cb6e3",
    "type": "split",
    "children": [
      {
        "id": "a46ce31511e588e8",
        "type": "tabs",
        "children": [
          {
            "id": "51a93a237b200b7f",
            "type": "leaf",
            "state": {
              "type": "empty",
              "state": {}
            }
          }
        ]
      }
    ],
    "direction": "vertical"
  },
  "left": {
    "id": "e5cbf8166321d417",
    "type": "split",
    "children": [
      {
        "id": "7aac731fdf256f39",
        "type": "tabs",
        "children": [
          {
            "id": "56880ae94b313110",
            "type": "leaf",
            "state": {
              "type": "file-explorer",
              "state": {
                "sortOrder": "alphabetical"
              }
            }
          },
          {
            "id": "7daf608458a56ce1",
            "type": "leaf",
            "state": {
              "type": "search",
              "state": {
                "query": "",
                "matchingCase": false,
                "explainSearch": false,
                "collapseAll": false,
                "extraContext": false,
                "sortOrder": "alphabetical"
              }
            }
          },
          {
            "id": "09db1d82da15b37a",
            "type": "leaf",
            "state": {
              "type": "starred",
              "state": {}
            }
          }
        ]
      }
    ],
    "direction": "horizontal",
    "width": 300,
    "collapsed": true
  },
  "right": {
    "id": "37f84e4892dc60ba",
    "type": "split",
    "children": [
      {
        "id": "b7bb6ca9fd4b8dff",
        "type": "tabs",
        "children": [
          {
            "id": "66f91862e0d3031f",
            "type": "leaf",
            "state": {
              "type": "backlink",
              "state": {
                "collapseAll": false,
                "extraContext": false,
                "sortOrder": "alphabetical",
                "showSearch": false,
                "searchQuery": "",
                "backlinkCollapsed": false,
                "unlinkedCollapsed": true
              }
            }
          },
          {
            "id": "c7ed324bd09d5ded",
            "type": "leaf",
            "state": {
              "type": "outgoing-link",
              "state": {
                "linksCollapsed": false,
                "unlinkedCollapsed": true
              }
            }
          },
          {
            "id": "cf4e2958b6927650",
            "type": "leaf",
            "state": {
              "type": "tag",
              "state": {
                "sortOrder": "frequency",
                "useHierarchy": false
              }
            }
          },
          {
            "id": "502d4ddf3f6ecad5",
            "type": "leaf",
            "state": {
              "type": "outline",
              "state": {}
            }
          }
        ],
        "currentTab": 1
      }
    ],
    "direction": "horizontal",
    "width": 300,
    "collapsed": true
  },
  "active": "51a93a237b200b7f",
  "lastOpenFiles": [
    "Artifacts/Stones of Growth.md",
    "Artifacts/Bones of Argynvost.md",
    "Sessions/Session 6 - Wizards of Wines.md",
    "Locations/Van Richten's Tower.md",
    "Locations/Wizards of Wines.md",
    "Locations/Argynvostholt.md",
    "Sessions/Session 5 - Haunted mansion dead dragon.md",
    "Sessions/Session 2 - Trollmann i nord.md",
    "Locations/Lake Zarovich.md",
    "Sessions/Session 7 - Yester Hill.md"
  ]
}